instance,depth,seed,train_acc,val_acc,test_acc,train_time
monks-1,5,666,0.8525179856115108,0.7266187050359713,0.7338129496402878,0.0030002593994140625
