{
"dim" : [0,0,0,2,2,3],
"pos" : [0.07465,0.1303,0.1457,1.85715,2.15935,0.3807]
}