{
"dim" : [0,7,13,15,21,22,24,26,28],
"pos" : [15.275,0.07002,34.405,0.01767,29.99,102.05,0.13535,0.20795,0.2996]
}
