{
"dim" : [0,1,2,4,5,6,7,8],
"pos" : [63,33.677445,89.5,2.1699846335,19.5873,9.3482025,10.3238,524.498]
}
