{
"dim" : [0,0,1,1,2,2,3,3,4,5,5,5,6,7],
"pos" : [13.47,14.285,3.465,3.5949999999999998,1.2650000000000001,1.42,71.785,72.965,0.575,8.225000000000001,8.684999999999999,9.405000000000001,0.03,0.02]
}
