{
"dim" : [0,0,0,0,0,0,0,0,0,0,0,0,0,1,1,1,1,3,3,3,4,4,4,4,5,5,5,5,5,5,5,5,5,5,5,5,5,5,5,5,5,5,5,5,5,5],
"pos" : [8.98,16.810000000000002,24.5,43.35,60.45,66.7,169.6,228.25,388.9,1065.5,2034.5,5423,9176.5,1.5,2.5,3.5,5.5,0.09375,0.5021875,1.0859375,1.5,3.5,6.5,14.5,100.5,135.5,245.5,306.5,322.5,535.5,579.5,677.5,698.5,740.5,836,864.5,865.5,909.5,956.5,968.5,1020.5,1022.5,1045.5,1200.5,1204.5,1307.5]
}
