{
"dim" : [0,0,0,0,1,1,1,1,1,1,1,1,1,1,1,1,1,1,1,1,1,1,1,1,1,1,1,1,1,1,1,1,1,1,1,1,1,1,1,1,1,1,1,1,1,1,1,1,1,1,1,1,1,1,1,2,2,2,2,3,4,4,4,4,4,4,4,4,4,5,5,5,5,5,5],
"pos" : [1.5,2.5,5.5,10.5,7.85,8.98,11.7,16.32,16.810000000000002,29,29.875,31,32.5,38,39.495000000000005,44.97,49.480000000000004,56,60.45,61.45,63.2,63.7,66.7,67.5,79.5,82,85.1,85.6,91.5,92.57,98.42,102.5,108.95,110.97999999999999,146.9,166,195,209,270.25,340.5,374.15,375.5,446,485.5,542,554.15,847.55,1349.25,1564,2139,2162,3214,4752,7732,19446.2,1.5,2.5,3.5,7.5,43.5,0.0796875,0.18375,0.371875,0.58875,0.8234375,1.2496874999999998,2.229375,12.004375,23.91,1.5,2.5,4.5,6.5,11.5,24.5]
}
