{
"dim" : [0,0,1,2,2],
"pos" : [0.12055,0.1457,0.01755,1.994,2.15935]
}
