{
"dim" : [0,0,0,0,0,1,1,1,1,1,2,2,2,2,3,3,3],
"pos" : [-0.0031999999999999997,0.07465,0.1457,0.34755,0.37395,-0.00995,0.01755,0.030699999999999998,0.10865,0.11049999999999999,0.58385,1.93505,1.994,2.15935,0.3335,0.3807,0.3899]
}
