{
"dim" : [0,0,1,2,2],
"pos" : [0.07465,0.1457,0.02,1.994,2.15935]
}
