{
 "dim": [0, 1, 1, 2, 3, 1, 1, 4, 5, 1, 1, 6, 6, 7, 1, 8, 8, 0, 0, 1, 1, 10, 10, 11, 1, 12, 12, 12, 1, 1, 13, 13, 13, 1, 1, 14, 15, 1, 1, 16, 17, 1, 1, 18, 19, 1, 1, 20],
 "pos": [260.0, 6.4350000000000005, 7.785, 3.5, 376.5, 3.775, 4.585, 2.5, 289.0, 4.585, 5.74, 0.5, 3.5, 531.0, 3.455, 11.0, 16.5, 282.5, 315.5, 6.875, 8.344999999999999, 1.1749999999999998, 1.3250000000000002, 35.5, 11.370000000000001, 63.5, 76.5, 60.5, 9.15, 11.415, 385.5, 444.5, 370.5, 3.3049999999999997, 3.9050000000000002, 108.5, 309.5, 5.74, 6.765, 94.5, 317.0, 6.195, 7.275, 78.5, 187.5, 7.6850000000000005, 9.15, 98.5]
}