{
   "dim": [
      0,
      1,
      1,
      3,
      4,
      4,
      4,
      7,
      9,
      11,
      12,
      14,
      15,
      17,
      18,
      19,
      20,
      22,
      22,
      23,
      24,
      24,
      26,
      27,
      28,
      28,
      28,
      30,
      30,
      30,
      30,
      30,
      30,
      30,
      30,
      30,
      30,
      30,
      30,
      30,
      30,
      30,
      30,
      30,
      30,
      30,
      30
   ],
   "pos": [
      187.5,
      11.0,
      16.5,
      78.5,
      385.5,
      444.5,
      370.5,
      531.0,
      108.5,
      376.5,
      260.0,
      289.0,
      317.0,
      3.5,
      309.5,
      94.5,
      35.5,
      1.1749999999999998,
      1.3250000000000002,
      2.5,
      0.5,
      3.5,
      98.5,
      226.5,
      63.5,
      76.5,
      60.5,
      6.4350000000000005,
      7.785,
      3.775,
      4.585,
      4.585,
      5.74,
      3.455,
      6.875,
      8.344999999999999,
      11.370000000000001,
      9.15,
      11.415,
      3.3049999999999997,
      3.9050000000000002,
      5.74,
      6.765,
      6.195,
      7.275,
      7.6850000000000005,
      9.15
   ]
}